"","EOF1","EOF2","EOF3","EOF4","EOF5","EOF6","EOF7","EOF8","EOF9","EOF10","EOF11","EOF12","EOF13","EOF14","EOF15","EOF16","EOF17"
"399.4",-0.0950650422040893,-0.518862538076347,0.0685584463307903,0.284535232056356,-0.616769727002841,-0.130935566103417,0.324953917531133,-0.214625430723287,0.0849835282921278,-0.0316150893460662,0.0723947468487377,-0.00170397697605217,0.0462381777619474,-0.083978234445,0.0265329635529389,-0.0622835152237279,-0.0726348904739646
"403.5",-0.110929972131412,-0.422198847639086,0.0487165370261935,0.145365590958165,0.065904310585409,0.520511160806263,-0.566316573671976,-0.259137695029079,-0.180002333995619,0.0996997520244139,0.0299443218844989,-0.0773945183003238,-0.0318120463251885,-0.00170346771656851,-0.0115327337469577,0.0105608664648119,0.128989281329003
"406.9",-0.121079891365691,-0.345251976098416,-0.0741314626227516,-0.0312822333507821,-0.0535928144715451,-0.419498700214559,-0.374669435679291,0.569968930425193,-0.0212818908788224,-0.288624461926082,-0.211880992194921,-0.0765422789019938,-0.0159928566426527,0.0346134841399457,0.167271911178153,0.0959171579583628,0.0416558673202531
"410.1",-0.137787301158762,-0.265677647788666,-0.0434478415042338,-0.00984498763420474,0.244552546748714,0.534898519964838,0.482089121459884,0.413405502771441,0.243534145751293,-0.0968020698059859,-0.0512822358898153,0.0941363485327052,-0.0669269258334179,-0.0705554145318429,0.102977731786261,0.0104507475801277,-0.00942350134000985
"413.4",-0.14595608013779,-0.227254347052377,-0.124030970199545,-0.169071630505671,0.199255091844345,-0.243052938359611,-0.126613483592169,-0.138628277711595,0.614498559494155,0.434381903318341,-0.0221824574787009,0.204063384436442,-0.102986807007283,0.14556068883907,-0.198892840406686,-0.0219329167088314,0.0326749668155528
"417.1",-0.161016014805865,-0.162812975680527,-0.15323060135569,-0.0919322621174568,0.127332407619586,-0.132509472139412,0.119425919198779,0.0218564081158919,-0.484169765017549,-0.0820468076666564,0.306993398488513,0.551259276995902,0.00468998272325134,0.0807735350797903,-0.363421400843917,0.179817999468646,-0.0315863780598481
"421.5",-0.177423845846804,-0.110534820125261,-0.0955015716878498,-0.064438708373907,0.0977850413824577,-0.0751141737701079,0.207483557220126,0.0701691210409813,-0.413914446057731,0.428556714714185,-0.40405261566497,-0.414624975571359,0.00964116647058291,-0.0463889655720239,-0.207890071735314,-0.168650326586,-0.0361249362097048
"425.4",-0.1890847540218,-0.0578683036687769,-0.130440071957926,-0.0840210578103671,0.204717332297276,-0.0181192759127186,0.0415442194784081,-0.219081321091096,0.0934975506908636,-0.471934617723684,0.277901048525556,-0.464888293002565,0.111782647336439,0.278754046451707,-0.110373562371059,-0.0500885405394996,-0.144746428486681
"429.5",-0.200275866828407,0.00403829626704246,-0.142211709417207,-0.0724733518135341,0.132359169708669,0.024952047478619,0.0689282701690634,-0.062863963908368,-0.140187499946202,0.105963339352132,0.0254030831975931,0.0795398412000009,-0.0049712945821245,0.408291218166033,0.525138406159936,0.0309149916491603,0.0840427224160104
"433.8",-0.207453993655798,0.0453577996641277,-0.122135915864363,-0.0239963187592744,0.165661206505263,-0.0601813958377021,-0.15124876307924,-0.0203882547108927,-0.0125194671404185,-0.0367572977080601,0.0829281701611039,0.15650821647614,0.0222310897159436,-0.616388558599187,0.115044227715017,-0.39630863211692,-0.299378848632337
"437.3",-0.210323566416494,0.068414092332286,-0.185831993466986,-0.0213926777158132,0.0506204310316509,-0.178399923199622,0.135430104040896,-0.217315379714209,0.000457115080058162,-0.131605034574982,0.0194806158558923,-0.0550985378191468,-0.0870847057593208,0.0535070684349241,0.00605157296821433,-0.372982618369347,0.255213035578707
"441.4",-0.21186980017936,0.129300067664297,-0.1191306286838,0.10935138330881,0.0697116054614613,-0.0017826744302625,-0.0331255711299995,-0.220572957127623,0.0010174572218411,-0.127021642510384,-0.137678667717681,0.072687416360473,-0.00431344934452421,-0.251454771674026,0.260040855318311,0.11342024869397,0.0177567635294058
"445.8",-0.204702854478187,0.13883264914545,-0.0965794267168558,0.108445581115576,0.0392228110879928,0.00263191741819575,0.0281149857726439,0.000930866487740684,0.133876201059725,-0.105715734296247,-0.16436902518094,-0.116514479528514,0.0193223425051105,-0.14920927340648,-0.253729918201536,0.277395168660329,0.226087085062886
"450.6",-0.198532055609815,0.138988188381059,-0.0705986992642824,0.153063274210859,-0.0520599279708853,-0.074345244406898,0.0538369040418164,-0.166395186539438,7.91329300145818e-05,0.0888718080948085,-0.140353460624882,0.0887359365452864,0.0741488837674447,-0.0227837692070039,0.242175956581191,0.393608784322319,-0.014684419553929
"455.2",-0.190103645507184,0.143074486296456,-0.00193306950140755,0.112005165255375,-0.00476349396940598,0.0317339829709457,0.016745851653712,0.0113437099283035,0.0105506781601734,0.0318474368171017,-0.0614159583078932,-0.062620269481088,0.155683979400483,-0.0890150962099895,-0.197348633381065,0.303324962075901,0.0585297537887808
"459.4",-0.18207192750693,0.133676986918805,0.0460947856666431,0.104163739791109,-0.104472291132152,0.00884817444324731,-0.0766897454969263,0.0564452342912726,0.105108676649136,0.0488685225527609,0.122864806965712,-0.0325708286517465,0.0316999994082066,-0.0528852236034109,-0.00483796547261284,0.183519694205687,-0.0906295301690399
"463.6",-0.171933576290016,0.122121162838303,0.0867253426017571,0.0247194508133339,-0.0849435770944218,0.0531447376869531,0.023247088537246,0.086091754816251,-0.0590359588878975,0.137265512121309,0.0889160529758475,-0.0591505487097701,0.0693427789472585,0.120012926682787,-0.0433455783869754,0.0695838430265163,-0.25827487265374
"468.2",-0.161232582467123,0.12204590018794,0.106558535693499,0.00969776805774277,-0.0836016321515276,0.0440735778667703,-0.104292766806502,0.195438521403312,0.123482895943133,0.0376215923123963,0.281168947145231,-0.117484996430294,0.058846391430738,-0.0449446509404802,-0.191827249815488,-0.0432242056032507,-0.122453322557692
"472.7",-0.149285043174982,0.119369983494534,0.130238286133482,0.00187799436452948,-0.0906446567280349,0.0537373228021746,-0.0828559584296572,0.150213577636699,-0.0198263106751747,0.178651123588824,0.132201577250844,0.00851897510199226,-0.0279364687956731,0.110598780482255,0.142699819394324,-0.0526205398353675,-0.275958426840923
"477.6",-0.139046370708442,0.123454239267108,0.135959053923506,0.0135455659114243,-0.130889119826467,-0.00618391306928489,-0.0118157048365992,0.0699181338600254,-0.0302414865496001,0.117232576929297,0.121706820204479,-0.0218748304299355,-0.0985696649927841,0.081701867401894,0.0940634383687985,-0.0918572075542519,-0.104247430351545
"482.5",-0.126595524638913,0.123111263381581,0.155884355891067,0.0227217895259241,-0.0666994829641017,0.0148972237013012,-0.0191920043420258,0.092601451600296,0.0455738052480339,0.0375937931415522,0.0633696694985426,-0.0849844225124367,-0.172694554637146,0.100133592914267,-0.104918810515351,-0.0510282424445813,0.084772094026358
"486.9",-0.113783701897001,0.118916917060268,0.15376286309043,0.0310811871730752,-0.0640331949090581,0.0108303499223599,-0.0228071988350302,0.0583931603520804,-0.00798587678393371,0.0224338194542666,0.0272867626844387,0.0878485642747436,-0.250952062510495,0.104253193020831,0.0185011778672453,-0.147647900190469,0.130493394681426
"491.3",-0.0972981069202744,0.1120047911996,0.1621395886872,0.0498093127663066,-0.0643239800412434,-0.000476268270885139,-0.0014996932010674,0.0187379844789091,-0.00554035745791727,-0.0894234168325288,0.0177975054911127,0.0130007429275542,-0.171785125097581,0.0160893790585317,0.0263909214734017,-0.112325181001234,0.238354441660285
"495.4",-0.0772649956392502,0.101297525555631,0.169646665602878,0.0422286728757131,-0.0379004522080024,0.0430254654991164,-0.00743863234053889,0.0367053187719737,-0.0384760117005397,-0.0959595822036843,-0.0815325314348613,0.099411130263328,-0.0976230886528906,-0.0196617210546542,-0.0979231796367759,-0.0753931421704281,0.158011584278314
"499.8",-0.0545734479668957,0.0664588475258352,0.156573183403787,0.00447174254287373,-0.0294650177111322,-0.0209234953120269,0.0191102062181321,-0.0444401416128754,-0.0256031605555138,-0.0614306326120216,-0.112976876538258,0.115740612681176,0.00194480200710611,0.0656990406306193,0.0245242535060423,-0.162740958148739,0.148741274353134
"504.3",-0.0315843474349734,0.0479402248870673,0.180084004597826,-0.0134884572197163,-0.00234863437449892,0.0362476719501569,-0.0127686574887073,0.0257784013831109,-0.00891332051488321,-0.0916836960006194,-0.114737802090327,0.0491658907301133,0.174135559781597,-0.0096899639089413,-0.0562404912174934,-0.0827022697949544,0.144481084272736
"509.2",-0.0124192813813288,0.0181653004383025,0.171737137548641,-0.0460109163067049,-0.0235418648610727,-0.0239835705970492,-0.0240581134555742,-0.0639988008092932,-0.0125890416983937,-0.0554865735005403,-0.143727191809292,0.11125538789096,0.189819167535741,0.0527759260773032,0.0159246979003604,-0.0805164937835439,0.0240252054700173
"513.9",0.00655665199688509,-0.0065013077019166,0.186492572770215,-0.0858307259064218,-0.0265646761628193,-0.00724369711419634,0.0380954746044685,-0.0177786156900068,0.00463446180428116,0.00751771517728971,-0.152059154474229,0.130042061673942,0.230043028988844,0.0825889022676317,0.00765093516043666,-0.0838064611032782,0.0169253860066082
"518.7",0.0209336522144314,-0.0174209195843811,0.189681575718887,-0.112840551017109,0.0367112343618733,0.039832280914955,-0.00623929384073662,0.0210214531263531,0.0103745954033816,-0.041742666146478,-0.113470010498521,0.0365013612008092,0.212333940860909,0.00422007451749086,-0.110132400131588,-0.0906631912258666,0.0156550268358131
"523.0",0.0349174865235227,-0.036554700310038,0.195055375634828,-0.139907123545806,0.0220541429548835,0.0163772476998067,-0.0367873590567554,-0.0331656107610437,-0.0262383311654655,-0.010885151229151,-0.0249099835679275,0.0673288905022639,0.170345710279266,0.08656951595295,-0.00907090921692561,-0.0498633191146958,-0.0618905703043861
"527.7",0.0447025285473005,-0.0333254699422232,0.18956683457151,-0.14324389948528,0.0240775747254995,-0.00553260450364388,-0.029443295228193,-0.0752449127326308,0.00892316410311224,-0.0940917923232281,0.0302216434265069,0.0475938988537224,0.153080768759945,-0.0230904313270378,-0.0203631790625518,0.0555212669005721,0.0147486238375196
"531.8",0.054729417256146,-0.0478149239737261,0.18806840333692,-0.153241895914059,0.0284892754948503,-0.00725655104872299,0.0275265033166323,-0.0465626850051987,-0.00153492188433624,-0.036914057873854,-0.0236257217846925,-0.00664731122615582,0.0155034081372847,-0.0338247480276409,-0.0428525247166084,0.0452142764003685,0.055033084089954
"536.0",0.0628015448378992,-0.0494769649086679,0.181015203102705,-0.146362697156817,0.0428320994035714,-0.0368182473637,-0.0127617037397941,-0.0910343418683286,0.0411374317648523,-0.00861261212500593,-0.0162342850570139,-0.0102665553183307,-0.122630508380612,-0.0758299661793743,0.017573597684464,0.122938816307841,0.028302333923499
"540.4",0.0708832559797427,-0.0554391563031148,0.167879035665989,-0.144850227224325,0.0494824540413695,-0.0392063245482529,0.0641162976265715,-0.0892619289464012,-0.0211597384363929,-0.014931112378997,0.0215512716828641,-0.0723835620255783,-0.200494319275598,-0.128681710130195,0.0057962264170104,0.166992489820922,-0.0494727880103993
"544.7",0.076506853578289,-0.043312328675166,0.148392265002194,-0.115968774503151,0.0802984394381741,-0.0377271209105509,0.0346687483135546,-0.0348451673060364,0.00171702687477482,-0.0838181406588248,0.0302424793866623,-0.0461004114569389,-0.233733362665671,-0.124816103282965,0.0189656595357976,0.168646818806097,0.0388942714272514
"548.8",0.0829887669038561,-0.0424037020726538,0.127666632497502,-0.0859384816647987,0.0748818962372783,-0.0794326810570598,0.0775360015195115,-0.0596019162486306,-0.0505475299927262,0.00404075005994674,-0.00826875310673046,-0.0663067523835228,-0.231565603255226,-0.0637650894045406,0.0567375819071727,0.0674385568639969,0.0128077325013982
"553.1",0.0885681551363813,-0.0359830991715335,0.110306761316185,-0.046819034652532,0.0826916347582016,-0.0558515376587596,0.0572719582015484,-0.0556457779062877,-0.031798112500786,-0.0372766685966107,0.00533054965798635,-0.0425881229809438,-0.185237042558524,-0.045839417210028,0.113378092820707,0.0347676232508603,-0.106612708163712
"557.5",0.0931154256983308,-0.0298923094744348,0.0958360646758769,0.000652272784271409,0.0880660218657225,-0.0596018622147599,0.0577211126974953,-0.071686931503583,-0.0224396970304407,-0.0298545006004239,-0.00717533816891145,-0.049683851500346,-0.113460094953426,-0.0451744481080205,0.0154479279148034,0.0459433553182753,-0.0911397168090098
"562.0",0.0981956120578985,-0.0302039689181712,0.0655996017951933,0.00860616494844213,0.107606961705898,-0.0890387214149969,0.0462258943855767,-0.074845397029956,-0.0145035059133773,-0.00543695246468064,-0.0328830172595986,-0.0482023700396867,-0.109915123486829,-0.00469030531558279,0.0290787277443953,0.0295781168926055,-0.151708694343543
"566.2",0.099629175121445,-0.0189806423037459,0.0509612638688287,0.0420417061375477,0.118049747193776,-0.0428239126245401,0.0368802035033178,-0.0328662859080605,-0.0125417361452798,-0.0370313380510972,0.00149513311942812,0.00654543963005732,-0.0598271627007006,-0.00220687818841885,0.0390410680368042,0.0120232070475411,-0.135784039139987
"570.2",0.10181255408071,-0.0156486609434431,0.0479538872453881,0.065983974808852,0.11235457300515,-0.0291691885974394,0.00780762288686563,-0.0495187781587145,-0.00490356401202853,0.0266258815862062,-0.0722982508794202,-0.0101404751699987,0.0209348095980999,-0.00418914774588885,0.0266593624352664,0.0379676915840157,-0.147995635078098
"573.9",0.102275254449269,-0.0136651179234115,0.0368413032285615,0.0804747250689894,0.095246138749894,-0.0513022383035113,0.0107842836002517,-0.0684692709924434,-0.0103824328791086,0.0291222072830537,-0.072795325027179,-0.0320635204423124,0.0407240643279459,0.0451735375577088,0.00516011675751335,0.0343389175003725,-0.134373403606347
"577.8",0.104531132482059,-0.0184361526441596,0.0234177327039528,0.0680384613730677,0.0883882991003256,-0.0514001569818492,0.0153214622433271,-0.0263185154309194,0.0229875646661256,0.00882853395865493,-0.0128967048987125,-0.0412511230178249,0.09059543959852,0.0380934750343519,-0.0137555548916477,0.0433953525132252,-0.145954512413051
"581.5",0.103167582459608,-0.0120350980201477,0.013556050399224,0.0889656681373834,0.0797635130701946,-0.0461729919490599,-0.0419999082893279,-0.0135011294445901,-0.000314033349030115,0.0112830493794291,-0.0259654091515122,-0.0243531352765581,0.134235476162463,0.0629215007207482,0.00558434429118657,0.0724354514937364,-0.125658690043225
"583.7",0.101449812738755,0.00230927143002806,-0.00624060505069169,0.0874826998009493,0.0517981689536836,-0.0500190580891108,0.000600980924745818,0.0493162292200526,0.0290578326794574,0.0403932496254566,0.0379498725215219,0.0211237686168521,0.140793797784522,0.00607891868710628,0.0984127292551118,-0.0216984162692255,0.048535566696487
"587.8",0.102472768503768,-0.00160273650235237,-0.00784913388194518,0.0900835088829518,0.0403774532824077,-0.0424806716680809,0.0183709926729266,0.0365436856447183,0.0136985965774799,0.0468921118359398,0.0611699687216554,-0.0194840220073206,0.150592486789968,0.0141956716121068,0.0499342867688446,-0.0207326615589957,0.0223025874858985
"592.0",0.103090293956712,0.00310128058159877,-0.0185245468969986,0.0863165757134541,0.0599212076549402,-0.0236351317833301,0.00309642539996377,0.0626490766293798,0.00632254735933783,0.0425801564782822,0.0848017991659822,-0.0153342835148661,0.149015781800361,0.00178193170842897,0.0703052087088022,-0.0291304550027064,0.0151353926722671
"596.7",0.106400679490124,-0.000869743962021078,-0.0211134515768058,0.0723763421462634,0.0623641580014889,-0.0155634008153343,0.0204470215177453,0.0528345552342996,0.0314352163661977,0.0676440662657801,0.106967303271023,-0.0219210356492761,0.122322042299819,0.0115065522032954,0.0283833513347907,-0.0250348739168126,0.00362081115105812
"600.9",0.105848980599525,0.0126678122321317,-0.0340615682138091,0.0902610767116892,0.0576751997553622,-0.0272904256736132,0.0327291223965272,0.0680214472171034,-0.015708072954954,0.0399980766370972,0.0658027969021572,-0.0133235224988095,0.13377586766283,-0.0144155322542918,0.0142466806307964,-0.0747564059495019,0.0458267293092105
"605.1",0.105453828473094,0.013683503388347,-0.0357518123832222,0.105854268569037,0.0584333312988823,-0.00438614762866637,0.0164288872545895,0.0398456707929618,0.0436650571746242,0.0294048744851282,0.0644267185079784,-0.0337124015187529,0.119143407237598,-0.0499068852906486,0.0232196531021087,-0.0306251021001243,0.0734272891481862
"609.7",0.106300081504435,0.0108835133316825,-0.0472768706675368,0.086783440874491,0.0328350038375254,-0.0198429785493696,0.0248923563113362,0.00873686483903061,0.0245356488081469,0.046226696947407,0.0644661370861193,0.00159827805578167,0.120113814643133,0.0189503971953839,0.0663055322120955,-0.0528628426191935,0.106244740321913
"614.3",0.105350758567276,0.0148592424171899,-0.0514600369611214,0.089002308775346,0.0302444128845353,-0.0201845806498199,-0.00183104346237352,0.00936757602385436,0.0298497625212029,0.0461983626856962,0.068243106685972,0.0125766632353396,0.107057994199759,-0.0254568169970872,-0.00576970849788242,-0.0317245765741001,0.125455711349684
"618.5",0.104293326527778,0.017376149885788,-0.0540002574143475,0.0859512058593502,0.0259525159671554,-0.0057967840745632,0.0120823917087531,0.0312311570219005,-0.0188448480910572,0.0259121891461996,0.0368199366643893,0.00577475917609487,0.0878962529598306,-0.0504998182822987,0.0161691914814004,-0.0310004554601347,0.175929061244101
"622.9",0.10350559817475,0.0191889759444891,-0.0540789541475854,0.0764500739757721,0.0398955562801193,0.00785557899995114,0.00108131173145841,0.0123630001401149,0.0243466406508126,-0.00501910252730647,0.0550397855411707,0.0124099258687002,0.0801212120421804,-0.00374085405616093,0.0144372208264236,-0.0200785673866654,0.135739454251874
"627.2",0.103112139037121,0.0200667020478212,-0.058473897392221,0.0643885482972506,0.0229913351178643,0.00674154576473269,0.0173242007856626,0.0134099638823633,0.00940830598087138,0.0171828369174347,0.0393121987906889,-0.00298836792210573,0.0352204175084041,-0.059808439439396,-0.0324982935657588,-0.0293871412053307,0.0690411683618497
"631.0",0.102916177472856,0.0178021973651797,-0.0676923151795588,0.0498323398780813,0.0173661617189018,-0.00913925524410012,-0.0123114169560087,0.0182475002864311,-0.00810389839009865,0.0442795684441763,0.0433922947327185,-0.0165405308235875,0.026156960170275,-0.0464977929105996,0.00498311422567766,0.0215945233264074,0.0870485462163812
"635.0",0.103229933861141,0.0141039745108354,-0.073446457770108,0.030582769259327,-0.00704727050786436,-0.0141907661194191,0.00927644540219462,0.0238354149709015,-0.0159204923702788,0.0767137381895751,0.0822590031958974,-0.0123218980876553,-0.00297231621652333,-0.0274202714267959,-0.0286480766906028,-0.021533268778863,0.0812504923404432
"639.2",0.103466276941723,0.0126911137087503,-0.0708243341814796,0.0312292522902426,-0.0360589955363547,-0.0146884547482942,0.0113793715729559,0.0547978813141703,-0.0300821607118847,0.0579910261112323,0.0905164096055456,-0.0364011543653928,-0.0458228384496443,-0.0572369522326098,-0.0262794108538126,-0.0041268116170112,0.0810841680229703
"643.3",0.1030460603819,0.0113287484578392,-0.0776837548802533,0.0115973082914914,-0.0295170710347698,-0.020409162769423,-0.0122967642514926,0.0602510993419582,-0.0690507099417166,0.0474387423555446,0.104004286343334,-0.0910989766333425,-0.068438707946822,-0.0159003893677193,0.025637799782206,0.0204199322846547,0.0573723379778298
"647.6",0.100841115889404,0.0075183005581706,-0.0974224978851443,-0.0137502175716306,-0.0599549834399041,-0.0113205031558447,0.000126237608161761,0.0494047631390554,-0.061444043801548,0.0830121112492825,0.159688635357007,-0.0681836811171946,-0.10577345396617,-0.0101739870038707,0.00497846832144183,0.0591376955365377,0.0578273233964716
"651.7",0.0952739120667452,0.0078535415646656,-0.105581302092857,-0.040536839630686,-0.0766508953728537,0.0149997018823433,-0.00488536621065033,0.0362940353651706,-0.0304942171138634,0.0879595424734638,0.131927345586546,-0.0600820693314538,-0.0847372188943573,-0.0681284922988915,0.0342171069734858,0.0294996177507605,0.0989808931041198
"656.0",0.0858257975762711,0.012280322990307,-0.113732003953551,-0.102088520292252,-0.103268457700969,0.0333039610198003,-0.0215090408445954,0.0129907794102463,-0.0326740507742833,0.0603453714201647,0.128108996541443,-0.0631820959888689,-0.0708108968669924,-0.0535627898884747,-0.00448203862434835,0.0153263073826348,0.0744059052778479
"660.8",0.070737938233793,0.0214111427603343,-0.131902629434799,-0.178508375656808,-0.144864991849696,0.0384776372400411,-0.0179095224734254,0.0259576116757446,-0.0276326009522006,0.0504072340653791,0.0778257161986103,-0.0352106106144966,-0.0512144973227321,-0.0654808499286705,0.0564818270502889,0.0481244004173645,0.0935508649652366
"664.9",0.054917605098324,0.0335846447633053,-0.140737483066703,-0.244992721060292,-0.153814549953104,0.0813675859048139,-0.0257896464384686,0.0173939028520756,0.00882628865179049,-0.0201870651671935,0.0182717473727851,-0.0293172961771107,0.00969634365401485,-0.0384547657175725,0.022186491105467,0.00698476543901159,0.0737441252060198
"669.0",0.0425613979074193,0.0404843715813697,-0.146714822213842,-0.29370935666055,-0.18293336201334,0.0879166851705431,-0.0350899321818384,-0.0199482334123336,0.0235721154989847,-0.0212444623746912,-0.00909531060028597,0.0013623246715798,0.0571283131740539,-0.0443301692660888,0.0187247162885081,0.0315435223953583,-0.00669534193554885
"673.6",0.0361111202095309,0.0475190865309,-0.151393217375381,-0.29875131141298,-0.185755514746283,0.105164570833572,-0.0285335121053609,-0.00986693683874383,0.0358015958264166,-0.00627007569444827,-0.0876011454703086,0.0136262072078478,0.0536407624565197,0.0220913086089807,0.0252490533365657,0.0173901720734223,-0.0452700358328817
"677.6",0.0398812961856443,0.0558766187897955,-0.146656505812519,-0.225584065301829,-0.172084374399065,0.116191946366407,-0.0142182432460127,-0.0154338660092203,0.00408842096581073,-0.0409175482912046,-0.119199385214058,0.0230111616323944,0.0514751021331269,0.0421677978557607,-0.0088755589738779,0.0346870283813408,-0.0570854165084926
"681.5",0.0515283139989259,0.0565072612816941,-0.147487377666162,-0.131779277684026,-0.14986408582356,0.092127529406618,-0.0315249393843076,-0.059006144104883,0.0675766658293464,-0.0764315734556138,-0.1656877156763,0.0519203625894167,-0.00420987731252449,0.00833058233120834,-0.074914845084716,-0.0488614179964653,-0.160528894925805
"685.5",0.0684106012059093,0.0594862884355017,-0.142479815250313,-0.0281136945139764,-0.106254940771348,0.0681198492564921,-0.027626943529662,-0.0284679214328401,0.00300070886914179,-0.110425194462368,-0.146717367938326,0.0627566476765896,-0.0205516821404271,0.0478702727672128,-0.0516651975908913,-0.0398963592340442,-0.17488556486263
"689.5",0.0870983116460561,0.0596369514259263,-0.123896268375762,0.0752276127828307,-0.0613104712492882,0.0756939740216784,-0.0181849493837298,-0.0436036536078469,0.0200383986552361,-0.0930949593814646,-0.174835007598656,0.0813662763363215,-0.0776540827162614,0.135548405213128,-0.0755569461920915,-0.0385802022511494,-0.126952242243864
"693.3",0.102835764261754,0.0569627127076462,-0.122346642367742,0.161204671201791,-0.0232646452001412,0.0543126979012857,-0.0272596824387699,0.00715155612471364,0.0164024867605216,-0.0876104023095424,-0.125476305172783,0.0882361762542998,-0.156333448103374,0.100539603990514,-0.0961293726581277,-0.0762090092886824,-0.100359294770218
"697.1",0.114342990174482,0.058240790003809,-0.098786187377103,0.227230947685111,-0.00134796860433064,0.0446886111256374,-0.0699508300186626,0.00531810239492339,0.00961716671038004,-0.0377489110709035,-0.15003794930903,0.0863650478796464,-0.206068187645978,0.142035444630999,-0.0886649652890716,-0.0384588800182976,-0.124789358592387
"700.5",0.122075660364597,0.056035218263975,-0.0841506380191872,0.267069017481659,0.00263665664970718,0.0403282128639993,-0.0711557580424369,0.0491400253055337,0.0189281792482356,-0.101335043308869,-0.0927707074575408,0.0725311179250225,-0.196374696981921,0.118353521914539,-0.15034258810752,-0.0590912610519294,-0.0754182887912304
