"","EOF1","EOF2","EOF3","EOF4","EOF5","EOF6","EOF7","EOF8","EOF9","EOF10","EOF11","EOF12","EOF13","EOF14","EOF15","EOF16","EOF17","EOF18","EOF19"
"399.4",-0.0938388807545427,-0.46280496680873,0.2194758436178,0.488812807205764,-0.498745319542843,-0.175345755121905,0.256980852327704,-0.141764687270289,0.183849792298724,-0.0237324475731742,0.0669648215206421,-0.0132983012007108,0.153122582694264,-0.0371292984413861,0.0874086043499045,-0.063146186683006,-0.00303147695234559,-0.131752337190189,0.0591736136986276
"403.5",-0.10624427763322,-0.411640991081905,0.10888777498135,0.0829444010865639,0.0345787296040774,0.532107184454288,-0.609902669082335,-0.14401283887304,0.0870201779890889,0.18386921464034,-0.0147253975530833,-0.0319778081429788,-9.00371138492779e-05,0.0449846696926741,-0.036390288776877,-0.0119247232185326,0.0466002762300787,0.202869573837016,-0.0587585759730215
"406.9",-0.115128302008409,-0.365196869739052,-0.0557017484169108,-0.0169998865541294,0.0135563300002143,-0.47291988937628,-0.226330304321051,0.490476858469562,-0.435276208628285,0.148731915407647,-0.227260725218787,-0.0659447122734488,-0.0324795711756336,-0.0281893880850543,-0.133877954310021,-0.0951264972230883,-0.0768324029972413,0.0738963861368115,-0.00829409002636146
"410.1",-0.132616243343913,-0.288610854539154,-0.0326592038001167,-0.038187009687774,0.180795606731868,0.536426206854838,0.532560329390263,0.396073129124301,-0.160772458217873,-0.223350555009725,-0.00189341928245429,0.102127375538678,0.0725273100984537,-0.0025460532249042,-0.0353938729437565,-0.000656764216722016,-0.0364648647701105,0.0683012565466732,0.0358076646406792
"413.4",-0.139708481715814,-0.252896424683157,-0.119130749154863,-0.217265726548758,0.152975351250781,-0.234142532755001,-0.141096579286321,0.231904593341935,0.609050423865112,-0.332586656559033,0.198660138879725,0.180151202644392,-0.256191498373215,0.0298223696577256,0.0230667494473385,0.137768319772859,0.0323803955401595,-0.0888537887964944,-0.0666238226933363
"417.1",-0.156668814161567,-0.182362787408079,-0.14297068960095,-0.0796124016099967,0.0562433526819157,-0.115837356740358,0.126347521363218,-0.420674803293298,-0.373466940562946,0.119585758733302,0.226595135964818,0.494291269997957,-0.306581694713617,-0.0703107557326547,0.172763743451581,0.22025516928164,-0.029580284197611,0.129377783716037,-0.0790314095767059
"421.5",-0.17366074000382,-0.129459959498434,-0.086941986350871,-0.0770319805403692,0.0597115016925858,-0.0225785262677775,-0.0234946251293096,-0.327240869877866,-0.230732513638187,-0.480944276584341,-0.281518240251173,-0.464134267152106,-0.0300059247072784,0.0870897321808906,0.0129224741969137,0.240911544328991,0.245567696476816,-0.169641034221838,-0.0632822578711939
"425.4",-0.1860392518876,-0.0838122533615162,-0.159335213746971,-0.100413075580491,0.150808240359245,0.0121607315323565,0.293388648088896,-0.0366411828141077,0.196357642343901,0.662798832869859,0.00461711492140693,-0.370581952147016,-0.158688956968949,0.187777855197647,-0.069254193005426,0.102017918643372,0.0901121771427441,-0.206293078717267,-0.0491555448491663
"429.5",-0.197591956826815,-0.0214203071893134,-0.140794573320504,-0.07910834491242,0.0694479546778027,0.059900139028656,-0.040244174599973,-0.254205756165438,-0.0433360543619952,-0.108190933206093,0.0417747643769039,0.051292543138456,-0.141889703323413,-0.00968549521384592,-0.305693093052812,-0.538367837253004,-0.395301036633797,-0.377856459732759,0.175380886205607
"433.8",-0.204666816438345,0.0130613562933204,-0.166475734018613,-0.0858801215768295,0.1471688361401,-0.0537889139850222,-0.151624735967801,0.00779838043193726,-0.0293051670353165,0.0690149401621904,0.0578035763093905,0.201372633077707,0.608952560399506,-0.0963627414673846,0.264021429215131,0.111096663018403,0.189437404876554,-0.287189234828816,0.208363618514148
"437.3",-0.209102037194105,0.0420216292649935,-0.192520091766455,-0.0047656907451661,0.042341970105976,-0.142513181054074,0.124193987392992,-0.150346634927151,0.149293907044131,0.0109812273460474,-0.0941691414214889,0.0503205684218304,0.0587648208860656,0.105020752902383,-0.0824680395983542,-0.33058495225529,0.429710863755598,0.483245010321677,0.260463931294831
"441.4",-0.21142108699985,0.101487021988487,-0.150077052755002,0.0623595348001246,0.115586189913451,-0.00408989651165256,-0.0124116829682571,-0.0424298094521413,0.112298869029469,0.0798581455166518,-0.181489912951999,0.140633256451366,0.393094296448799,-0.113289327956941,-0.12480442868948,-0.0212694608590036,-0.152768397569303,-0.0655797128520708,-0.336065201629907
"445.8",-0.206943313608396,0.137783255146109,-0.0903228686489902,0.116957579266226,0.0305023380722435,0.0152161780832324,0.0287233567873554,0.0890159574594947,0.101451978069708,-0.0456071417923869,-0.227653076437215,-0.10083103240053,-0.185854969646309,-0.024078422414578,0.428861055982593,-0.175096380770941,-0.0973199936260475,0.0697865985318321,-0.139013254887786
"450.6",-0.201209019617804,0.135038916001333,-0.0695548386773222,0.167584884805054,0.021824148114524,-0.0715524014254938,0.0510701718527442,-0.0821824539701646,0.118817212888255,-0.0275683182893607,-0.0292458768105143,-0.10705434711801,0.0765767050136518,-0.211888471304522,-0.270124114882901,0.328945308982862,-0.339870186397536,0.301416434230048,-0.117776444675798
"455.2",-0.193280178918349,0.1473131415702,-0.0037287855485373,0.10732790487352,0.0217839507292285,0.0259577491951614,-0.0447678599468741,0.00124285584092305,-0.0285489132471029,-0.0516575520225907,-0.021058512435673,-0.116638489910702,-0.0975923278341968,-0.154805513449915,0.356599367230667,-0.0734871451369988,-0.160326764687832,0.087712971301976,-0.108143576700552
"459.4",-0.185552515966885,0.134331737698986,0.0420879815075355,0.127167478213267,-0.0374638151056927,-0.0106606489881013,-0.0322161690795358,0.113546044190413,0.00668776209254061,-0.00738402398367746,0.162990342453957,-0.0665473451915711,0.000367024982543984,0.0299423955730648,-0.0147763119306275,0.0505034279045561,-0.164680403879569,0.147753553106745,0.00511866939053371
"463.6",-0.174667578265842,0.128687275043061,0.0689621854909944,0.01908823964713,-0.0351319455583924,0.0363003717100875,-0.0171812171048756,0.0113674226664445,-0.11177889382849,0.00259446059331322,0.210279297509344,-0.1286070553844,-0.0195894729593869,-0.0833059405427801,-0.03500126809708,0.196710575000771,-0.00407427331615845,0.040176259609487,0.197202133113162
"468.2",-0.164441383267754,0.134977085379172,0.0985786148478161,0.0176909623919149,-0.057591079951238,0.0324746255710379,-0.0723567489397858,0.182412791787955,-0.0745885661830886,0.0780354998777171,0.279936397433594,-0.123067397876998,-0.059027928350507,0.0437782368500376,0.277215506663162,0.0172560452798747,-0.0101105056046739,-0.0736174305759793,0.207302049781023
"472.7",-0.152256326182512,0.133344503097895,0.121727705260703,7.03630801291382e-05,-0.0670160402574018,0.0531206198755577,-0.104400712709612,0.0691445120639038,-0.0861287548167342,-0.0626704579934207,0.199846915472173,-0.0513044263662479,-0.0136597868539937,0.064165136428142,-0.169036368488545,0.151589199206454,-0.0117099143690101,-0.0681128574554218,0.271784834287519
"477.6",-0.141895577034433,0.137105354893227,0.125481680250858,0.0181552771536395,-0.0858736959602137,-0.0362770686740326,-0.00670176820680134,0.0298476724785453,-0.0200340153230861,-0.0414058198759345,0.114333568589798,0.0543097743750988,0.0278100661850278,0.197130605057311,-0.20678028934146,0.0542825065194698,0.0259872903488084,-0.169125359702269,-0.0872363611751286
"482.5",-0.129789415495338,0.140918738485446,0.140802695870837,0.00848898257370438,-0.0523451300609803,0.00409508391116978,-0.0510261514175362,0.0746964465120435,-0.0133449306888147,-0.0551257774444982,0.00503257850954139,0.037393092753229,-0.0740156656231592,0.271482365791774,0.0431382404736669,-0.0751679861562124,0.108804926048796,-0.0210160819704706,-0.0653408326714697
"486.9",-0.117462454612202,0.137821456867983,0.140936501336771,0.0194932327944271,-0.0362587908086132,0.00976774752454865,-0.0263037875472031,0.053640712197868,-0.0235862086540771,-0.0414333670803261,-0.0145049575855538,0.134899105874179,-0.0310251218416253,0.22398314820403,-0.159597378219607,-0.0258437698541722,0.102041841115239,0.0729067770201829,0.0248427731894469
"491.3",-0.101304167482128,0.133254365946937,0.151052555480534,0.0321366203694898,-0.0264270299496107,-0.0137473498335835,0.0108929350339783,0.0253216461717759,-0.0259890244603624,0.0326083119358345,-0.0353942710464876,0.0978833597521122,0.0448817343782437,0.134926443240933,-0.0827192601409063,-0.0318010639263741,0.0616035598177426,0.0651816286558717,-0.0314719449033607
"495.4",-0.0812659453004273,0.125402281169572,0.160306415722441,0.0299010591885424,-0.0373792683027632,0.0387910196227064,-0.00240684812443212,0.0165200048637704,-0.0500398810699586,-0.0214435596516029,-0.146084873397666,0.145188966082729,-0.0438467252764841,0.0899161034345196,0.0537345555280315,-0.0850908971834995,0.0814416374002199,-0.0790803138737092,-0.182940794395566
"499.8",-0.0582916140493773,0.0898861820421266,0.155229295570834,-0.00101542592671546,-0.0244005377292739,-0.00738613634142653,-0.00232226481399309,-0.0395714412171699,0.00403216091509692,0.000600323352920302,-0.103462956033962,0.0822266364508675,-0.0614032645728107,-0.0966559860900044,-0.0669412486704046,-0.115130322265378,0.10602463507037,0.0277502321235611,0.0268621334655976
"504.3",-0.0350512782349745,0.0736491312706478,0.177482059296111,-0.0284306757327423,-0.00986209704621667,0.0219778482410906,-0.0056420535187561,0.0297075415186459,-0.0265608510788449,0.0107958482909455,-0.103915653069588,0.0402674157773033,-0.103696463404607,-0.184507323003603,0.0720126580527505,-0.0785263820479611,0.096922896330525,-0.0284055172021048,-0.140485945479021
"509.2",-0.0147527472192344,0.0379986249257586,0.162572815807043,-0.061218689456676,-0.0298243596087099,-0.0225897078895871,0.0107896388255377,-0.0289009042415343,0.0283942412051741,0.0308161530998107,-0.0780581754019448,0.0712244724274648,-0.0308487017961674,-0.171776531609982,-0.15377310363116,0.0137781761700565,0.15597368099995,-0.0129115728858419,-0.113869813598963
"513.9",0.00432505270512246,0.0158221505025396,0.177751773463816,-0.101986115484349,-0.0269660290152106,-0.0136095097828445,0.0725868745741438,0.0189131924441767,0.0172868107046126,0.000570425284244316,-0.0231818554954674,0.0096994840963076,-0.0233246491443336,-0.288216166383452,-0.207913112006425,0.0819247387240568,0.145585406535548,-0.0499201869256175,-0.0687300198174842
"518.7",0.0187201803348547,0.00362355743202613,0.178303607651363,-0.125281394483663,-0.00788369888901232,0.024306726858184,0.0212878754415452,0.0153118531544304,-0.00986792742999182,0.0579412474668666,-0.0359183333183157,-0.0107927382233453,-0.0928589107708837,-0.180270256624783,0.0731137207471045,-0.0421704888347194,0.146106849223374,-0.180664748947008,-0.0822681272519864
"523.0",0.033819146879392,-0.0169772495586735,0.176813633810907,-0.164153813888537,-0.019578382054484,0.00478188793340864,0.0122299295543212,-0.0107278140456997,-0.01054413595178,0.0502356311293428,0.0144116677487135,0.0293157129430565,-0.018275058416488,-0.154551164448044,-0.0640769389505078,0.0331390424460272,0.110228940859967,-0.0389495989728728,-0.0119373727676136
"527.7",0.0437642796988151,-0.015834607340842,0.17047251667366,-0.173684682927545,-0.020831136056124,-0.00425405022054279,-0.0157815723457548,-0.02632192219451,0.0384584600983843,0.0883853758528399,0.00641695878508143,-0.00612141378995475,0.00813155638450592,-0.142460926723696,0.070110836147212,-0.0209267149839506,-0.0862236519133785,-0.0438141940764598,-0.0648142597226901
"531.8",0.053872569936243,-0.029288648138561,0.16781965951365,-0.173215816987074,-0.0237236094579329,-0.00838818169764553,0.0469533078435984,-0.0317150414714714,0.0272514843846044,0.0440381958372397,-0.0452675888684119,0.00957761923513073,-0.00257105977301787,0.0216699317606304,0.0432038370899399,-0.0137691076141753,-0.00805893525042235,-0.0412026765777228,-0.103487495973922
"536.0",0.0621388453385358,-0.0352499340184825,0.15835826065499,-0.171471156589732,-0.000830480383194282,-0.0357389111900982,0.0418158927004775,0.0001014362210716,0.0612197044533508,0.042633996448939,-0.0434792515060224,0.0191622699642966,0.0734812275121143,0.0487432698504573,0.0302967057768659,0.0832610673131071,-0.13914614225699,0.125662188454995,-0.00160866026929359
"540.4",0.0706046764565392,-0.0405553533461475,0.151289661420816,-0.164776704523011,-0.00774209681194344,-0.030787812045385,0.069875762417795,-0.073556763006842,0.0392880949412757,-0.0169413103689274,-0.0859326329171152,0.00145871409316888,0.105296098503608,0.159071084454572,0.114418662145272,0.0468914395833185,-0.193339114726042,0.00805210839826017,-0.0492360409779762
"544.7",0.0763266939026448,-0.0336166213027806,0.127871087839426,-0.153031150441822,0.0374044082749856,-0.0230753246776438,0.021472239911704,-0.0403320168715282,-0.00391726329322395,0.045068054247749,-0.0626006848547856,0.0259243634571661,0.090409926042449,0.165225331452113,0.14933268752549,-0.0468911202158481,-0.2094537455043,0.0765701480026945,0.0808992490515017
"548.8",0.0825783256154127,-0.0329148660049279,0.117555998847776,-0.107685415189202,0.0424052239508478,-0.0565421627118122,0.0422764801273201,-0.0766301499232312,0.0140784529730724,-0.0488526533642092,-0.107708477255669,-0.0038728545075568,0.0639867736123831,0.19157277598088,0.0290405956660855,0.00915509296074016,-0.101056991331957,0.168465050827133,0.087017612773894
"553.1",0.0881891658540063,-0.0272548884191578,0.102232926422259,-0.0757200690569828,0.062803938515746,-0.0397646929974628,0.0553787728844591,-0.0598507096363461,0.0250533882049522,0.0135000859109081,-0.0873715947467946,0.0192080220555813,0.0743516613089368,0.142801066011724,0.00417210959134091,0.00787029060623464,-0.108166679926325,0.00746133649324905,0.0937849535313092
"557.5",0.0926385310217776,-0.0241509350103346,0.087699249933597,-0.0401657159825881,0.090390170164102,-0.0441390679549704,0.0309440308972557,-0.0682767986558315,0.0362213101128531,0.00100896969316718,-0.0819280631865301,0.00502583251861638,0.05855088606897,0.0897286240137201,0.0648528637491052,-0.0164143962543859,-0.0686261427248837,-0.00202478141976887,0.0571014043172131
"562.0",0.0976444567825995,-0.0250591401751647,0.0644170460650035,-0.0246734195903894,0.111741548368828,-0.0709562453667784,0.0338550993246316,-0.0600021646129036,0.0421730838828394,-0.00965434162780062,-0.0829141700870108,-0.025689589560861,0.0461001784610884,0.0454847454417662,-0.00586469106542754,0.0644275386237018,-0.0682334309805835,0.0736629485407367,0.15523457865215
"566.2",0.0988457818731904,-0.0130645224157444,0.0552458728775985,0.00328891935682869,0.126078082260183,-0.027744904064278,0.0178388003800259,-0.0482642306495258,0.0207731649722269,0.0273087982394105,-0.0368340207889398,0.0182707672563494,0.00198057891052912,0.000687992640130773,0.0515448286296812,-0.0173851204573976,-0.0650043676761395,0.00951142021575901,0.203218805998822
"570.2",0.100893903218549,-0.0104989848686867,0.0537443537973924,0.0247037690229209,0.129325410164128,-0.0174126219262396,-0.0126425052415591,-0.0283163226923776,0.0354443839712174,-0.0404779708852231,-0.0671779360326157,-0.0237709712177219,0.0120401430765082,-0.0695012589573598,0.0220996747263269,0.0558653401018065,-0.0714144651756823,0.00906901723080073,0.142387226370665
"573.9",0.101378861503426,-0.00803145101974231,0.0437606492816379,0.0424210608847372,0.123250767079763,-0.0371747763547485,-0.000530628167733716,-0.0406800176983658,0.0458816037296824,-0.0215869875865687,-0.0630412782489821,-0.0513569852008629,0.00830037057785215,-0.0776598893879231,-0.0409696615064853,0.0628030188118815,-0.0357078228649263,0.0268348439572111,0.1314643093839
"577.8",0.103911551925849,-0.0140337038432987,0.0334937297242945,0.0370445747154498,0.106435478893419,-0.0374269117024798,-0.0102862902946617,-0.0201569189341959,0.0382383770894918,-0.0254524464854597,-0.00912314292629487,-0.0789292645151597,-0.0413507039444534,-0.0816648342748137,0.0493917570884883,0.022435952964288,-0.0354525825967131,0.0445246841404516,0.169000747957821
"581.5",0.102393540207123,-0.00831087050151912,0.0213546042023047,0.054341250855571,0.108266526677444,-0.0306920085064136,-0.0379043754668202,-0.0112552541188152,0.00514686178477716,0.00955950831119035,0.00679228991924933,-0.0906648009031807,-0.0544313314967676,-0.115883121666821,-0.0272192019450333,0.0288600840777653,-0.0678997372579018,-0.00303473850663315,0.132856548833424
"583.7",0.100915550084297,0.00248820875144238,0.00348939899806434,0.0629967924642209,0.0938703738803431,-0.034482627020358,-0.00357349700013927,0.00568524005009048,-0.0135220566489919,-0.02369537305656,0.114397351358427,-0.0229364424432756,0.0220168358714624,-0.0999845744939332,-0.0668996224380978,-0.128104250758745,0.0332202468855822,0.0114223521505097,-0.00339427399421287
"587.8",0.10189345984631,-0.000307775645383111,0.00610091353191165,0.0706194892499772,0.0877073743635711,-0.0262337471614556,0.000993555487436225,-0.0113858862069696,-0.0176387753593734,-0.0052038289911229,0.127011325932649,-0.0830879567495574,-0.0130488769905597,-0.119222343151354,-0.0163157858649599,-0.0786862643684619,0.0335547217628099,0.0268422291574027,0.00267077491031849
"592.0",0.102787709417875,-0.000132509109171241,-0.0108450249810633,0.065688768570739,0.10005957021582,-0.00676495766122603,0.00455883074393432,0.00421933366922471,-0.0415047469376501,0.00640775397922205,0.138230608815988,-0.0654838915113568,0.00689858104169584,-0.0807222333433747,-0.0256566735697226,-0.102771225507834,0.058379093238203,0.0096033197489593,-0.0109520897035549
"596.7",0.106696422358681,-0.00450479185518921,-0.0152142171948163,0.0473872169978823,0.100657296870278,1.29474479049388e-05,0.0245684378034771,0.00576010463883737,0.0022731699189859,-0.0222127902646414,0.143629563043589,-0.0477933338343116,-0.0148267399488331,-0.0301800461925129,-0.0237085710179077,-0.0389213151297746,0.101915865446968,0.0322170787206941,-0.0937474773386216
"600.9",0.10540767765912,0.0111082213168137,-0.0222017455090294,0.0769752068312886,0.0893922388037561,-0.0155389087412905,0.0171638749608557,-0.00433108271451002,-0.0510397423636685,-0.0142326709958192,0.1057607181994,-0.0568111997437096,-0.0204182101584129,-0.0677253399347348,0.0243578738924515,-0.0850355599126572,0.105496681760694,-0.0147712603500906,-0.0254291524393755
"605.1",0.105208881872315,0.010718883157732,-0.0273066316934311,0.0801861429177348,0.0984419321068682,0.00205756421483074,0.00381426688209269,0.019406039151858,-0.00805871499803491,-0.0109301407816792,0.107978617606169,-0.0545450377672659,0.0351184916809523,-0.0775245173542778,0.0552774500306501,-0.0990895006256407,0.0455398542375739,-0.0115104324871491,-0.0517171772756395
"609.7",0.106274508298925,0.00734298332597193,-0.0404254589926232,0.0726726650149671,0.0699418456528079,-0.0110501333894483,0.028883608869041,-0.00537895259413254,0.0061863125030875,0.00773047866871614,0.116944516661261,-0.0558959175633976,-0.000448988355081079,-0.0645064846898924,-0.0602271402191145,-0.0846653698879752,0.0732281431693855,0.0471182681777858,-0.0461756908862277
"614.3",0.105271425432581,0.0117747930041505,-0.0429116500489851,0.0668399366438294,0.0640490762262236,-0.0134038116013523,-0.0282905803667265,0.00922721081616513,0.0149629256406306,-0.0346349279907817,0.0973815866439302,-0.0493786892138392,-0.00999395032072675,-0.0621375443928403,0.035690083628082,-0.0698235528363955,0.0250490176511804,0.0243862949166713,-0.0489135874874547
"618.5",0.104195099149406,0.0124918915491082,-0.0469734462157021,0.0748643099173929,0.052319746616597,0.00294478668675271,-0.0256688942672648,-0.0113334629193271,-0.0453437575112367,-0.03500949957284,0.0708398513641235,-0.0432665722102954,0.0447859641368705,-0.0457893272027861,0.0317482419530206,-0.102507239165354,0.00697078101534409,-0.0250690084501684,-0.0844908446743142
"622.9",0.103572466755982,0.0117289981106892,-0.0521011527936028,0.0658884135874569,0.065049487466279,0.0127537188335032,0.0289599571955896,0.0307928046977266,-0.00507215139279172,-0.00343195618492908,0.0628235462776334,0.00711591081327248,0.0372710957904442,-0.0058924650768213,-0.0574672097146331,-0.0393541174177832,0.0374057945178091,0.0362515084716858,-0.11804792383006
"627.2",0.103620069524761,0.0106889827375522,-0.0608483131687425,0.0542174793507225,0.0503892357508935,0.00400461521231557,0.0198490774085424,0.00883621120015911,-0.0136709592968935,-0.0254345735723243,0.0567306534942068,0.0137558056156861,0.0991800564165755,0.0156758028994903,-0.000642238287617425,-0.00682164485532615,0.0586785009829438,0.0037026651813989,-0.0975727531537769
"631.0",0.103395630792116,0.00967148066041364,-0.0678492579622007,0.0435263599618733,0.0369857191601358,-0.00729466857290241,-0.0190817706814853,-0.00417380823249701,-0.031449078624623,-0.0115731459273756,0.0711145190353083,-0.0214515059479443,0.0431095357763802,0.00946446833404182,-0.0071556775447121,-0.00304720503632228,0.000370463452799285,0.00248175586883586,-0.105277022584575
"635.0",0.103686196210512,0.0080711845060222,-0.070053406457491,0.0357401309779109,0.00786344608373996,-0.0139673637242998,0.000189341023720698,-0.000598141496412026,-0.0204976296886764,-0.02884472538604,0.109800315135032,-0.0239186303000771,0.0218293825405197,0.0420331199648666,-0.010213959293623,0.0507724591882052,0.0358214645967738,0.0178005850666433,-0.0414439069333601
"639.2",0.104040405478325,0.00856393117694761,-0.0646738977234544,0.0454222252413354,-0.0226999329595941,-0.0260550347179912,0.000456123786880676,0.00458704770575014,-0.046838774946306,-0.0395482875040177,0.0822641692929022,-0.00711193720927948,0.0294909050601738,0.11802935153886,0.0126781165808763,0.00951321848454546,0.0144694729154775,-0.0410167955191935,-0.113761713205615
"643.3",0.104290236052852,0.00231584947705907,-0.0775857641790473,0.0204928461142827,-0.0157955114497655,-0.0296484817162378,-0.0336674101105292,-0.00408971140812801,-0.0684821226686346,-0.0317854747641849,0.067759805637502,-0.0362107896404061,0.0640311760295164,0.158945949362101,-0.040605068697889,-0.00815951974321451,-0.00901334901969302,-0.0612319096585222,-0.108836664899768
"647.6",0.102117404629435,0.000302267883305002,-0.0896095082537202,0.0163899682410036,-0.0554048388346185,-0.0216830557949735,-0.0333971401433518,-0.0213200554677882,-0.0486256631657474,-0.0229791234772102,0.113040349365783,-0.041291287456609,-0.00944935566300174,0.162878643123805,0.0167346972020064,0.0142922519583454,-0.0472444699912878,0.0266865157797369,-0.0776071731347537
"651.7",0.0969920978068076,-0.00223595999869144,-0.103067689472836,-0.00637955006891971,-0.0854733093609724,0.000905656565822285,-0.0238864777557235,-0.0132308643544139,-0.0333802241247525,-0.0414041886786473,0.108023682131035,-0.036475328538368,0.0455997910677592,0.149545660366358,0.0193110055217372,-0.030654253788295,-0.0440829098753583,-0.00320457085596929,-0.0952440291474508
"656.0",0.0880144420930468,0.00146760700326272,-0.115562050704108,-0.0514521822394076,-0.134166855448308,0.0153915297904652,-0.0275420828509011,-0.0164786909086592,-0.0205881803264753,0.00626252797992149,0.0910245402931391,-0.022055380270766,0.0292075277788683,0.127400155593621,0.0364824148320407,0.00126292307432585,-0.00777135938171117,-0.00677743623500946,-0.112269153268478
"660.8",0.0734849201027477,0.00528715566003222,-0.139823081516326,-0.105092162399815,-0.191361669096325,0.0186720317041849,-0.0104290428647864,0.00439425137313844,-0.0266850546502036,-0.0194753132932053,0.067981321466729,-0.0270230323214292,0.0487059337439997,0.0845343614551278,-0.0304467583802796,-0.0121945348207125,-0.0248287714139668,0.0892705328055368,-0.121600707574907
"664.9",0.0580776586687095,0.0144134766552702,-0.159300696558732,-0.161893320929385,-0.23055489809592,0.0585644908081018,0.00491746055940074,0.0372799987065335,-0.0212084586750065,0.0286876885151875,0.0285643154555185,-0.0324712704740601,0.039277005832407,0.00375765402318573,-0.00399296346567826,-0.0301319020956112,0.0250940173272297,0.0793443144159222,-0.0761353579680614
"669.0",0.0460315218550262,0.0217294716773004,-0.166364803426655,-0.202665382427091,-0.280128504453101,0.0588770023348731,-0.00820426179978526,0.0421292918372722,0.0247226331642792,0.00663229447124865,0.00497826959560635,-0.0220434224847395,0.0439010707789561,-0.0447991851091598,-0.0182591412871347,-0.00089823005426607,-0.00917577046439919,0.0555154940866909,-0.00727026263063464
"673.6",0.0390796757860843,0.0306041598124123,-0.167460057873746,-0.196448056401542,-0.29175963145917,0.0756962453715503,-0.0163183832200095,0.0380058255799724,0.0159259359910757,0.000779814651658468,-0.0358460390967332,-0.031019442953819,-0.0506944696238896,-0.106819375056427,-0.0120291065699887,0.000359387831840681,-0.0201359966733699,0.0552480122446848,0.0779391688483476
"677.6",0.0423257552020376,0.0407218615568685,-0.159553992948009,-0.135769392122616,-0.260628653255717,0.0796776024022612,-0.00420104082058639,0.0318548940422131,0.00394551283155119,-0.0164027480301628,-0.0839683551981122,-0.00363132150777228,-0.0199204019139438,-0.0960479956050721,-0.0298939229661708,0.0321583173603439,-0.0404354126718361,-0.0397239044655782,0.0677090317998835
"681.5",0.0532076743087689,0.0442528980876855,-0.151870453535329,-0.0586627208699188,-0.203058211865257,0.0642139977697741,-0.0301555280544999,0.04826764619576,0.0672958939553905,-0.0069142144483592,-0.141561722348555,0.0426593199694664,-0.00352285855044017,-0.123768775182976,0.044611756044216,0.0297624951363828,0.025007172554052,-0.0185908547413177,0.144918066604836
"685.5",0.069070391061718,0.0515271852408297,-0.136070208468278,0.0326554404994793,-0.132537053082002,0.0631425260181596,-0.0046912064194709,0.0155392385622998,0.0161760260478354,0.0701655605761755,-0.146801349909673,0.0577298179042659,-0.0849986177002496,-0.104381994142323,0.0199437264201347,0.0672020514059217,0.0152986706986772,-0.0333515552508436,0.18461209151716
"689.5",0.086986501879011,0.054575619952836,-0.113491088073221,0.113712430121376,-0.0615018126731828,0.0673639797762321,-0.0200812482308681,0.0250322900619549,0.0489544285917523,0.0368126379273213,-0.191743360716648,0.0992200073726893,-0.123961122969157,-0.0471493064857327,0.00637657580769896,0.0550561474289961,-0.0134503877442233,-0.096645626985037,0.149196680802631
"693.3",0.102278245084208,0.0524207871773195,-0.108437925320632,0.181399465385538,0.00121618770498332,0.0476089596216508,-0.0334905584750838,0.0415130287284975,0.0123861220540229,0.0169328838210999,-0.163027423589214,0.143312618925456,-0.116088555259678,0.0645242957663647,0.00945490415833216,0.0624964135595638,0.0163456895954456,-0.124226456355671,0.103354688787479
"697.1",0.113123052835645,0.0561973146737526,-0.0808985681682415,0.234295371020973,0.0498430599356476,0.0467323718854337,-0.0358879237303902,0.052425205886964,0.0236872915977797,0.0129517675381692,-0.17656089442638,0.167679385375766,-0.130392965807365,0.11612480200852,-0.10193541389687,0.200050871183252,0.0261688996859869,-0.0704060671578022,0.0402840548190712
"700.5",0.120759760722271,0.0562352487072437,-0.070645442705961,0.262187690080699,0.0677327793223401,0.0412551894251104,-0.0296742707682589,0.0743794490730977,-0.0088608014919959,0.07587525192712,-0.150311830784388,0.16239081886595,-0.112085213749833,0.143471474165399,-0.00786543707819455,0.154968006481045,0.0434477131565069,-0.152507554248715,-0.0264934925223081
